﻿<?xml version="1.0" encoding="utf-8"?>
<Windows>
	<!-- 安装目录 -->
	<VerticalLayout>
		<VerticalLayout float="true" width="660" height="408" bkimage="file='pic\bg.png'" />

		<VerticalLayout>
			<Control height="268" />
			<HorizontalLayout height="40">
				<Control width="245" />
				<Button name="btnInstall"
					width="170" height="40"
					normalimage="file='pic\install-exe.png'"
					hotimage="file='pic\install-exe.png'"
					pushedimage="file='pic\install-exe.png'"
					disabledimage="file='pic\install-exe.png'"
				/>
			</HorizontalLayout>
			<Control height="32" />
			<VerticalLayout name="moreconfiginfo" height="36">
				<Label visible="false" font="5" textcolor="#FF333333" text="安装路径：" padding="40,0,30,0" />
				<VerticalLayout height="36" padding="165,0,165,0"  bkimage="file='pic\input.png'" roundcorner="12,12" >
					<RichEdit  float="true" pos="12,8,294,28" name="editDir" text="sdsd" textcolor="#FFFFFF"
						autohscroll="false" bordervisible="true" bordersize="1"
						font="3"
						height="20"
            wantreturn="false"
						wantctrlreturn="false" multiline="false" width="282" />
					<Button name="btnSelectDir" float="true" width="26" height="26" pos="298,5,324,31"
					  normalimage="file='pic\choose.png'"
						hotimage="file='pic\choose-hover.png'" pushedimage="file='pic\choose-hover.png'" />
				</VerticalLayout>

				<HorizontalLayout visible="false" height="23" padding="40,5,80,0">
					<Label font="0" textcolor="#FF999999" width="150" text="所需空间：30M" />
					<Label font="0" name="local_space" width="150" textcolor="#FF999999" />
					<Control />
				</HorizontalLayout>
			</VerticalLayout>
			<Control />
			<HorizontalLayout visible="false" height="20" padding="95,25,0,0">
				<CheckBox name="chkAgree" width="125" heigh="20" font="7" text="我已经阅读并认可"
					textcolor="#FF333333" selected="true" valign="center" align="left" textpadding="20,0,0,0"
					normalimage="file='public/CheckBox/check_no.png' dest='0,2,16,18'"
					normalhotimage="file='public/CheckBox/check_no.png' dest='0,2,16,18'"
					selectedimage="file='public/CheckBox/check_yes.png' dest='0,2,16,18'"
					selectedhotimage="file='public/CheckBox/check_yes.png' dest='0,2,16,18'" />
				<Button name="btnAgreement" width="180" font="7" text="《软件许可及服务协议》" textpadding="0,0,0,0"
					textcolor="0xff00bb96" align="left" />
				<Control />
			</HorizontalLayout>


		</VerticalLayout>
		<Button float="true" visible="false" inset="0,5,5,0" pos="220,230,260,270" name="btnShowMore"
			width="40"
			height="40" normalimage="form\btn_down_normal.png" hotimage="form\btn_down_hovered.png"
			pushedimage="form\btn_down_pressed.png" />
		<Button float="true" visible="false" inset="0,5,5,0" pos="220,230,260,270" name="btnHideMore"
			width="40" height="40" normalimage="form\btn_up_normal.png" hotimage="form\btn_up_hovered.png"
			pushedimage="form\btn_up_pressed.png" />
		<Include source="licensepage.xml" />

	</VerticalLayout>
</Windows>